作者,发帖数量,百分比,数值百分比
Just｜Monika,265,8.03%,8.027870342320508
SakaiShana,121,3.67%,3.6655558921538924
丶夜鹰之梦丶,111,3.36%,3.3626173886701
hcahcsroR,85,2.57%,2.5749772796122388
oftc3121,54,1.64%,1.6358679188124812
Respecolt,53,1.61%,1.6055740684641016
即食型派蒙,41,1.24%,1.2420478642835504
HuniePoppuppy,37,1.12%,1.1208724628900333
doyun26,27,0.82%,0.8179339594062406
麦林Mognum,24,0.73%,0.7270524083611027
xyz_official,23,0.70%,0.6967585580127235
久远寺宅的草十郎,22,0.67%,0.6664647076643442
KumikoP1,21,0.64%,0.6361708573159649
GoldenAlien,20,0.61%,0.6058770069675856
u天地图新客户喜欢看,19,0.58%,0.5755831566192063
╭老船长﹎,16,0.48%,0.48470160557406844
岩砂土,16,0.48%,0.48470160557406844
10RANCE,16,0.48%,0.48470160557406844
是谁的书画,16,0.48%,0.48470160557406844
盖亚！！！！！,16,0.48%,0.48470160557406844
康康康kang,16,0.48%,0.48470160557406844
新死难者23eer,15,0.45%,0.45440775522568916
CH3CH3,15,0.45%,0.45440775522568916
Overtheworld1st,14,0.42%,0.4241139048773099
早赖尿邮箱,14,0.42%,0.4241139048773099
是萝莉就能当妈妈,14,0.42%,0.4241139048773099
KumikoP2,13,0.39%,0.3938200545289306
renkan119,13,0.39%,0.3938200545289306
牛牛福福,13,0.39%,0.3938200545289306
鬼屎蛋,13,0.39%,0.3938200545289306
仟音一心,12,0.36%,0.36352620418055137
超级机器人大战Y,12,0.36%,0.36352620418055137
witchspring,12,0.36%,0.36352620418055137
三月七的冒烟白丝,12,0.36%,0.36352620418055137
fkh012345,12,0.36%,0.36352620418055137
知世就是力量z,11,0.33%,0.3332323538321721
八云 紫,11,0.33%,0.3332323538321721
ls51476,11,0.33%,0.3332323538321721
面包与奶油,11,0.33%,0.3332323538321721
那就原谅他,10,0.30%,0.3029385034837928
桃玲音音,10,0.30%,0.3029385034837928
爱民如子石天王,10,0.30%,0.3029385034837928
1糯米糖果1,10,0.30%,0.3029385034837928
南野奏太,9,0.27%,0.27264465313541353
Cerydra,9,0.27%,0.27264465313541353
天空霸,9,0.27%,0.27264465313541353
街健夜鱼,9,0.27%,0.27264465313541353
怀汲深,9,0.27%,0.27264465313541353
韩老魔航天尊,9,0.27%,0.27264465313541353
石中玉5265,8,0.24%,0.24235080278703422
夜风物语,8,0.24%,0.24235080278703422
无漏的伟健,8,0.24%,0.24235080278703422
薄荷口味奥利奥,8,0.24%,0.24235080278703422
南下北落师门,8,0.24%,0.24235080278703422
hhhhhhttt,8,0.24%,0.24235080278703422
薄伽丘的小黄书,8,0.24%,0.24235080278703422
“聯系者”申武龍,8,0.24%,0.24235080278703422
流氓切击择投,7,0.21%,0.21205695243865494
Hopevheater719,7,0.21%,0.21205695243865494
暗淡蓝点n,7,0.21%,0.21205695243865494
愚鱼欲与渔语,7,0.21%,0.21205695243865494
。轻舟已过万重山,7,0.21%,0.21205695243865494
闪光猫头鹰哦,7,0.21%,0.21205695243865494
Viviankl,7,0.21%,0.21205695243865494
牌之舌,7,0.21%,0.21205695243865494
繁星之愿,7,0.21%,0.21205695243865494
反式D羟脯氨酸,7,0.21%,0.21205695243865494
山村榴花,7,0.21%,0.21205695243865494
林登万的梦想,7,0.21%,0.21205695243865494
驱逐蜥蜴定要先驰得点,7,0.21%,0.21205695243865494
KOISHIYAKUMO,7,0.21%,0.21205695243865494
啤酒供应暂停,7,0.21%,0.21205695243865494
千早如月,7,0.21%,0.21205695243865494
クオン久遠,7,0.21%,0.21205695243865494
待兼福来厨,6,0.18%,0.18176310209027569
插花少女若心影,6,0.18%,0.18176310209027569
AlexiusRH,6,0.18%,0.18176310209027569
艾丝蒂尔Bright,6,0.18%,0.18176310209027569
Hemioh,6,0.18%,0.18176310209027569
想退休0219,6,0.18%,0.18176310209027569
Abckksmd,6,0.18%,0.18176310209027569
蠕动之群星,6,0.18%,0.18176310209027569
倚剑笑紅尘,6,0.18%,0.18176310209027569
嚣张桐人,6,0.18%,0.18176310209027569
不可估量之触,6,0.18%,0.18176310209027569
呼啦圈呼啦圈巴莱,5,0.15%,0.1514692517418964
红苦艾Clover,5,0.15%,0.1514692517418964
吾心蒙尘,5,0.15%,0.1514692517418964
GOJiong,5,0.15%,0.1514692517418964
那边那鱼,5,0.15%,0.1514692517418964
新世界唯心主义,5,0.15%,0.1514692517418964
柏木麻友,5,0.15%,0.1514692517418964
坑爹的熊猫,5,0.15%,0.1514692517418964
TelluriumHCl,5,0.15%,0.1514692517418964
ssdsssssss,5,0.15%,0.1514692517418964
阿尔法不是贝塔,5,0.15%,0.1514692517418964
shinrex,5,0.15%,0.1514692517418964
雾雨魔力瞎,5,0.15%,0.1514692517418964
天生我才2015,5,0.15%,0.1514692517418964
うたわれ,5,0.15%,0.1514692517418964
间桐葬剑,5,0.15%,0.1514692517418964
清姬_,5,0.15%,0.1514692517418964
活久见套路深,5,0.15%,0.1514692517418964
Yaqstar,5,0.15%,0.1514692517418964
小独角丘比猫,5,0.15%,0.1514692517418964
安东斯拉维克,5,0.15%,0.1514692517418964
三鸦,5,0.15%,0.1514692517418964
暗珀星star,5,0.15%,0.1514692517418964
admin,4,0.12%,0.12117540139351711
冰上的谢宝庆,4,0.12%,0.12117540139351711
爆裂战士铁蓝宝,4,0.12%,0.12117540139351711
EndMP,4,0.12%,0.12117540139351711
坚定理想，勿忘革命,4,0.12%,0.12117540139351711
血魔-D,4,0.12%,0.12117540139351711
Norven3032,4,0.12%,0.12117540139351711
俺の子を孕む妹の記録,4,0.12%,0.12117540139351711
半米赛跑,4,0.12%,0.12117540139351711
8c18ab,4,0.12%,0.12117540139351711
Tekeli,4,0.12%,0.12117540139351711
最后的勇者巴莱,4,0.12%,0.12117540139351711
sakmok-4号机,4,0.12%,0.12117540139351711
arccta,4,0.12%,0.12117540139351711
微甜的南瓜,4,0.12%,0.12117540139351711
381毫米口径主炮,4,0.12%,0.12117540139351711
丢丢丢啪啪啪轰,4,0.12%,0.12117540139351711
mikufan221,4,0.12%,0.12117540139351711
顾林鸢,4,0.12%,0.12117540139351711
宝多茜,4,0.12%,0.12117540139351711
银翼的两仪之鸦,4,0.12%,0.12117540139351711
林中南,4,0.12%,0.12117540139351711
炽陨,4,0.12%,0.12117540139351711
Dream旧影,4,0.12%,0.12117540139351711
居家阿宅,4,0.12%,0.12117540139351711
商恩,4,0.12%,0.12117540139351711
蜉蝣阿,4,0.12%,0.12117540139351711
酋非天,4,0.12%,0.12117540139351711
coolshen,4,0.12%,0.12117540139351711
153interpreter,4,0.12%,0.12117540139351711
Daaaaaaaaaa,4,0.12%,0.12117540139351711
小神通奎多斯,4,0.12%,0.12117540139351711
铸造将军库比克,4,0.12%,0.12117540139351711
与天争锋LZ,4,0.12%,0.12117540139351711
陨污血红,4,0.12%,0.12117540139351711
日暮南山鸟倦飞,4,0.12%,0.12117540139351711
吃烧烤的德鲁伊,4,0.12%,0.12117540139351711
冰鉴禅心,4,0.12%,0.12117540139351711
LLF2019,4,0.12%,0.12117540139351711
碳烤章鱼321,4,0.12%,0.12117540139351711
欧米嘉·风焰,3,0.09%,0.09088155104513784
a22899256,3,0.09%,0.09088155104513784
维山帝斯之威,3,0.09%,0.09088155104513784
hm13615100,3,0.09%,0.09088155104513784
川内大爱,3,0.09%,0.09088155104513784
MASTERLOGOS,3,0.09%,0.09088155104513784
南瓜仙仙,3,0.09%,0.09088155104513784
八目鳗,3,0.09%,0.09088155104513784
微子Pre,3,0.09%,0.09088155104513784
tzy502,3,0.09%,0.09088155104513784
ggggak,3,0.09%,0.09088155104513784
星辰之外的清洁工,3,0.09%,0.09088155104513784
兀德桑,3,0.09%,0.09088155104513784
アヴィスの意志,3,0.09%,0.09088155104513784
阿斯顿法国QWERT,3,0.09%,0.09088155104513784
音速闪电,3,0.09%,0.09088155104513784
超正常的暗妹,3,0.09%,0.09088155104513784
不得不品鉴的一环,3,0.09%,0.09088155104513784
雨声鹤高,3,0.09%,0.09088155104513784
laingf,3,0.09%,0.09088155104513784
往生堂77代堂主胡桃,3,0.09%,0.09088155104513784
伊莉雅丶炽蓝法夜,3,0.09%,0.09088155104513784
闷闷的stone,3,0.09%,0.09088155104513784
法耶斯梅玛,3,0.09%,0.09088155104513784
蝶乃舞花,3,0.09%,0.09088155104513784
白日梦只在黑夜做,3,0.09%,0.09088155104513784
qsx_1357,3,0.09%,0.09088155104513784
永不灭的血牙猪,3,0.09%,0.09088155104513784
梦及必醒之时,3,0.09%,0.09088155104513784
黑色星期一54699,3,0.09%,0.09088155104513784
不要靠近黑暗,3,0.09%,0.09088155104513784
亚瑟南丁格尔,3,0.09%,0.09088155104513784
世界的边缘、,3,0.09%,0.09088155104513784
里漫鲁斯,3,0.09%,0.09088155104513784
BroweZC,3,0.09%,0.09088155104513784
231123321a,3,0.09%,0.09088155104513784
恋夢星灯,3,0.09%,0.09088155104513784
伊德泽尔,3,0.09%,0.09088155104513784
山科那奈,3,0.09%,0.09088155104513784
会近战的法师,3,0.09%,0.09088155104513784
静止世界的断雁,3,0.09%,0.09088155104513784
Mierkat,3,0.09%,0.09088155104513784
sfdgxdj,3,0.09%,0.09088155104513784
Aios5371,3,0.09%,0.09088155104513784
肘击天使,3,0.09%,0.09088155104513784
下一次我们会赢回来,3,0.09%,0.09088155104513784
虚言者,3,0.09%,0.09088155104513784
贺词三号v,3,0.09%,0.09088155104513784
晨暮之星,3,0.09%,0.09088155104513784
Thistlewind,3,0.09%,0.09088155104513784
冲田の信长,3,0.09%,0.09088155104513784
Diszativer,3,0.09%,0.09088155104513784
Haitanishinji,3,0.09%,0.09088155104513784
霞天义流,3,0.09%,0.09088155104513784
462sd,3,0.09%,0.09088155104513784
土拨鼠的邻居河狸,3,0.09%,0.09088155104513784
Aster木贞丶,3,0.09%,0.09088155104513784
艾琳丶多拉尔,3,0.09%,0.09088155104513784
乌拉贝,3,0.09%,0.09088155104513784
Rid修养,3,0.09%,0.09088155104513784
量介,3,0.09%,0.09088155104513784
我真的是薇古丝单推人,3,0.09%,0.09088155104513784
时崎夜架,3,0.09%,0.09088155104513784
叶可速可,3,0.09%,0.09088155104513784
tuTuStream,3,0.09%,0.09088155104513784
qjxiwbnsm,3,0.09%,0.09088155104513784
想养小熊猫,3,0.09%,0.09088155104513784
深宫曲道,3,0.09%,0.09088155104513784
柳树沟里,3,0.09%,0.09088155104513784
盐之尘,3,0.09%,0.09088155104513784
crimseon,3,0.09%,0.09088155104513784
凫帮帮主,3,0.09%,0.09088155104513784
billy.k,3,0.09%,0.09088155104513784
心愿gakki6,3,0.09%,0.09088155104513784
飞翔的被单,2,0.06%,0.060587700696758555
希望自己是欧洲人,2,0.06%,0.060587700696758555
Twm1997,2,0.06%,0.060587700696758555
UID:0,2,0.06%,0.060587700696758555
harryshan,2,0.06%,0.060587700696758555
不再妄想的猪,2,0.06%,0.060587700696758555
吞噬众神的咸鱼,2,0.06%,0.060587700696758555
很帅的圆,2,0.06%,0.060587700696758555
新岛夕,2,0.06%,0.060587700696758555
深蓝小胖。,2,0.06%,0.060587700696758555
神风敢死鱼,2,0.06%,0.060587700696758555
你的回忆令我感到可笑,2,0.06%,0.060587700696758555
无法想象的未来,2,0.06%,0.060587700696758555
九凰院铃音,2,0.06%,0.060587700696758555
枸杞中毒,2,0.06%,0.060587700696758555
看客之一,2,0.06%,0.060587700696758555
zjrdxys,2,0.06%,0.060587700696758555
你说不行,2,0.06%,0.060587700696758555
MikuHatsuneyo,2,0.06%,0.060587700696758555
狂笑的蟒蛇写散文3,2,0.06%,0.060587700696758555
暂无此人N先生,2,0.06%,0.060587700696758555
好想找个富婆啊,2,0.06%,0.060587700696758555
Unikal,2,0.06%,0.060587700696758555
金色UR,2,0.06%,0.060587700696758555
thedogk,2,0.06%,0.060587700696758555
柒个果,2,0.06%,0.060587700696758555
嘴上名作粉碎锤,2,0.06%,0.060587700696758555
yingzhen-,2,0.06%,0.060587700696758555
EABB,2,0.06%,0.060587700696758555
firestealer12138,2,0.06%,0.060587700696758555
艾迪滴胶,2,0.06%,0.060587700696758555
Tuugdruihh转生版,2,0.06%,0.060587700696758555
装茶的罐子,2,0.06%,0.060587700696758555
蓝色猫头,2,0.06%,0.060587700696758555
香港记者杰瑞,2,0.06%,0.060587700696758555
Ouroboros╳,2,0.06%,0.060587700696758555
Skyblaze42,2,0.06%,0.060587700696758555
ee649406479,2,0.06%,0.060587700696758555
香草优米雅,2,0.06%,0.060587700696758555
Lakersgo！,2,0.06%,0.060587700696758555
集大贤者,2,0.06%,0.060587700696758555
咩咩叫的棉羊,2,0.06%,0.060587700696758555
aaaaalicecom,2,0.06%,0.060587700696758555
陌氪,2,0.06%,0.060587700696758555
22dmgxy,2,0.06%,0.060587700696758555
harf339676,2,0.06%,0.060587700696758555
DeRaYwww,2,0.06%,0.060587700696758555
QlIpHoTh_r,2,0.06%,0.060587700696758555
№无辜の眼泪,2,0.06%,0.060587700696758555
秋日思乡,2,0.06%,0.060587700696758555
大号怕打,2,0.06%,0.060587700696758555
漆黑噤默,2,0.06%,0.060587700696758555
大叫的萤火,2,0.06%,0.060587700696758555
年下萝莉控,2,0.06%,0.060587700696758555
丶来包辣条,2,0.06%,0.060587700696758555
ReithySHA,2,0.06%,0.060587700696758555
0921ho,2,0.06%,0.060587700696758555
风平浪静的明日,2,0.06%,0.060587700696758555
御行什叁,2,0.06%,0.060587700696758555
jiujiujiu1111,2,0.06%,0.060587700696758555
日读一字,2,0.06%,0.060587700696758555
hdweuiqd,2,0.06%,0.060587700696758555
lyoularx,2,0.06%,0.060587700696758555
PotatoAimC,2,0.06%,0.060587700696758555
GrandT,2,0.06%,0.060587700696758555
献给虚无,2,0.06%,0.060587700696758555
狮电,2,0.06%,0.060587700696758555
致化作光明的你,2,0.06%,0.060587700696758555
shewaixc,2,0.06%,0.060587700696758555
小鞠的圈外男友,2,0.06%,0.060587700696758555
李星森,2,0.06%,0.060587700696758555
breeze53,2,0.06%,0.060587700696758555
我只负责活着,2,0.06%,0.060587700696758555
四姐小羊,2,0.06%,0.060587700696758555
--悦--,2,0.06%,0.060587700696758555
莫克姆球迷,2,0.06%,0.060587700696758555
天依maou,2,0.06%,0.060587700696758555
大贤者哆啦考尔,2,0.06%,0.060587700696758555
紧急避险无罪,2,0.06%,0.060587700696758555
前前前前,2,0.06%,0.060587700696758555
assholevania,2,0.06%,0.060587700696758555
假面骑士的末日到了,2,0.06%,0.060587700696758555
塔拉瓦血的祭坛,2,0.06%,0.060587700696758555
我是不是太纵容吃了,2,0.06%,0.060587700696758555
gretino,2,0.06%,0.060587700696758555
沙耶在唱歌,2,0.06%,0.060587700696758555
KEYbasara,2,0.06%,0.060587700696758555
heavlor,2,0.06%,0.060587700696758555
DCT672,2,0.06%,0.060587700696758555
惡魔之傷,2,0.06%,0.060587700696758555
haodfs,2,0.06%,0.060587700696758555
疯狂的大主教,2,0.06%,0.060587700696758555
Rhmb·B_WT,2,0.06%,0.060587700696758555
doctorsolve,2,0.06%,0.060587700696758555
sztcsjx,2,0.06%,0.060587700696758555
伯利欣根和埃达,2,0.06%,0.060587700696758555
幻色轨迹,2,0.06%,0.060587700696758555
yumemichan,2,0.06%,0.060587700696758555
xyq552278,2,0.06%,0.060587700696758555
西城雾蒙蒙,2,0.06%,0.060587700696758555
西尾晴香,2,0.06%,0.060587700696758555
HYCNH,2,0.06%,0.060587700696758555
林远夏w,2,0.06%,0.060587700696758555
海角吾心,2,0.06%,0.060587700696758555
秋之枫叶鱼,2,0.06%,0.060587700696758555
不是地球人jk,2,0.06%,0.060587700696758555
佐藤砂糖,2,0.06%,0.060587700696758555
椰子噢,2,0.06%,0.060587700696758555
looker2020,2,0.06%,0.060587700696758555
toickmilk,2,0.06%,0.060587700696758555
N的单楸,2,0.06%,0.060587700696758555
HomeV,2,0.06%,0.060587700696758555
雨光鼠,2,0.06%,0.060587700696758555
拉面炼金术师,2,0.06%,0.060587700696758555
达布斯塔·霜心,2,0.06%,0.060587700696758555
牧念扉,2,0.06%,0.060587700696758555
ptreeq,2,0.06%,0.060587700696758555
李奥�6�1阳,2,0.06%,0.060587700696758555
仍慕闲云野鹤,2,0.06%,0.060587700696758555
爱丽丝异典,2,0.06%,0.060587700696758555
匆是青的松,2,0.06%,0.060587700696758555
赤鬼面具,2,0.06%,0.060587700696758555
江泾渭,2,0.06%,0.060587700696758555
kiraspark,2,0.06%,0.060587700696758555
养猫男mk3,2,0.06%,0.060587700696758555
八云紫,2,0.06%,0.060587700696758555
挽风肆月,2,0.06%,0.060587700696758555
迷之施法者,2,0.06%,0.060587700696758555
大号已禁言,2,0.06%,0.060587700696758555
小火龙的小尾巴,2,0.06%,0.060587700696758555
重度抑郁症患者,2,0.06%,0.060587700696758555
御坂1042,2,0.06%,0.060587700696758555
单纯爱裤衩,2,0.06%,0.060587700696758555
猪咪爱困,2,0.06%,0.060587700696758555
graysonkun2002,2,0.06%,0.060587700696758555
兄弟同心,2,0.06%,0.060587700696758555
税醒,2,0.06%,0.060587700696758555
Facehugger,2,0.06%,0.060587700696758555
7朵棉花,2,0.06%,0.060587700696758555
kophr,2,0.06%,0.060587700696758555
猫伊necoe,2,0.06%,0.060587700696758555
湖心游鱼,2,0.06%,0.060587700696758555
浠特坶莱,2,0.06%,0.060587700696758555
伦敦的守夜人,2,0.06%,0.060587700696758555
汉江明月身,2,0.06%,0.060587700696758555
粗糙的米沙司,2,0.06%,0.060587700696758555
待宵海雾,2,0.06%,0.060587700696758555
矿骡亩产一千八,2,0.06%,0.060587700696758555
gfhtyjty,2,0.06%,0.060587700696758555
狗刺打蜡机,2,0.06%,0.060587700696758555
小小睿智树,2,0.06%,0.060587700696758555
地狱叉,2,0.06%,0.060587700696758555
芝士鸡排盖饭,2,0.06%,0.060587700696758555
瑠璃色刹那,2,0.06%,0.060587700696758555
无法触摸侬的脸,2,0.06%,0.060587700696758555
Horako,2,0.06%,0.060587700696758555
dsylolicon,2,0.06%,0.060587700696758555
lt19122012,2,0.06%,0.060587700696758555
叶流风清,2,0.06%,0.060587700696758555
轻风cc二号机,2,0.06%,0.060587700696758555
三十乐队余命无,2,0.06%,0.060587700696758555
团战不见人,2,0.06%,0.060587700696758555
UID:66862894,2,0.06%,0.060587700696758555
墨玉轩X,2,0.06%,0.060587700696758555
R_AlphaZero,2,0.06%,0.060587700696758555
Enddark,2,0.06%,0.060587700696758555
scpliyi,2,0.06%,0.060587700696758555
Murphy_zx,2,0.06%,0.060587700696758555
白岩乂,2,0.06%,0.060587700696758555
HIDARIasou,2,0.06%,0.060587700696758555
阴阳师有个傻龙,2,0.06%,0.060587700696758555
三友非三清,2,0.06%,0.060587700696758555
铁奥一动不动,2,0.06%,0.060587700696758555
明晰梦里,2,0.06%,0.060587700696758555
DrEel,2,0.06%,0.060587700696758555
lh2004ily,2,0.06%,0.060587700696758555
冯路随,2,0.06%,0.060587700696758555
咸鱼-秃刺,2,0.06%,0.060587700696758555
fianliy,2,0.06%,0.060587700696758555
死者遗书,1,0.03%,0.030293850348379277
ddr354,1,0.03%,0.030293850348379277
不知道取什么，随便取,1,0.03%,0.030293850348379277
如月千歲,1,0.03%,0.030293850348379277
Kmkri01dot4,1,0.03%,0.030293850348379277
病魔纏身,1,0.03%,0.030293850348379277
zzzzzzzz的海角,1,0.03%,0.030293850348379277
始源赖光,1,0.03%,0.030293850348379277
Ztyxx,1,0.03%,0.030293850348379277
山尽九烟,1,0.03%,0.030293850348379277
ZergSu,1,0.03%,0.030293850348379277
蝉鸣的旋律,1,0.03%,0.030293850348379277
举觞白眼望青天,1,0.03%,0.030293850348379277
奔夜,1,0.03%,0.030293850348379277
王沐希DragonJean,1,0.03%,0.030293850348379277
专版真爱楼开贴号,1,0.03%,0.030293850348379277
SaIN_TH,1,0.03%,0.030293850348379277
米莉亚,1,0.03%,0.030293850348379277
沐瞳之歌,1,0.03%,0.030293850348379277
hoshikaze,1,0.03%,0.030293850348379277
skilxlese,1,0.03%,0.030293850348379277
Horopito,1,0.03%,0.030293850348379277
来啊来啊搞事情,1,0.03%,0.030293850348379277
astray_blaze,1,0.03%,0.030293850348379277
棒棒糖摧毁者,1,0.03%,0.030293850348379277
矢本沙希,1,0.03%,0.030293850348379277
小野寺千秋,1,0.03%,0.030293850348379277
yinyur2,1,0.03%,0.030293850348379277
color1237,1,0.03%,0.030293850348379277
かわおじ,1,0.03%,0.030293850348379277
超级机器人大战30,1,0.03%,0.030293850348379277
jko555,1,0.03%,0.030293850348379277
笑笑976431,1,0.03%,0.030293850348379277
hhh76501,1,0.03%,0.030293850348379277
Anemoneae,1,0.03%,0.030293850348379277
唯一指定陈X,1,0.03%,0.030293850348379277
ywwuyi,1,0.03%,0.030293850348379277
耳朵疯子,1,0.03%,0.030293850348379277
fgfg6483,1,0.03%,0.030293850348379277
3636cpy,1,0.03%,0.030293850348379277
大理石牧场,1,0.03%,0.030293850348379277
松鼠987412,1,0.03%,0.030293850348379277
Z-J-Y,1,0.03%,0.030293850348379277
snake2911,1,0.03%,0.030293850348379277
七柒不是酱,1,0.03%,0.030293850348379277
老城旧路,1,0.03%,0.030293850348379277
帝国の手游仙人,1,0.03%,0.030293850348379277
gawainli,1,0.03%,0.030293850348379277
Burning_Zhunxi,1,0.03%,0.030293850348379277
三声夜莺,1,0.03%,0.030293850348379277
不可燃lese,1,0.03%,0.030293850348379277
想不出什么好名字3,1,0.03%,0.030293850348379277
天无宅人之路,1,0.03%,0.030293850348379277
XC6180HZ,1,0.03%,0.030293850348379277
别碰我，求求了,1,0.03%,0.030293850348379277
没反应的3k,1,0.03%,0.030293850348379277
法喵快跑,1,0.03%,0.030293850348379277
kolrol,1,0.03%,0.030293850348379277
OOcommonLA,1,0.03%,0.030293850348379277
神剑之巅梁月,1,0.03%,0.030293850348379277
御伽话,1,0.03%,0.030293850348379277
介太,1,0.03%,0.030293850348379277
我的火,1,0.03%,0.030293850348379277
kujojoey,1,0.03%,0.030293850348379277
化烟而去,1,0.03%,0.030293850348379277
宇智波连,1,0.03%,0.030293850348379277
Serenova,1,0.03%,0.030293850348379277
DarkRea1,1,0.03%,0.030293850348379277
岛国左近,1,0.03%,0.030293850348379277
kuuluu,1,0.03%,0.030293850348379277
像风一样流动,1,0.03%,0.030293850348379277
我欲仁，斯仁至矣。,1,0.03%,0.030293850348379277
宇智波佐助suki,1,0.03%,0.030293850348379277
末日的超级贵宾,1,0.03%,0.030293850348379277
字数布丁,1,0.03%,0.030293850348379277
Miracle44,1,0.03%,0.030293850348379277
都给你糖丸了,1,0.03%,0.030293850348379277
幻之覆灭,1,0.03%,0.030293850348379277
浪不死大魔王,1,0.03%,0.030293850348379277
3zhilaohu,1,0.03%,0.030293850348379277
La_trubla_mondo,1,0.03%,0.030293850348379277
fy12339,1,0.03%,0.030293850348379277
AloneNotLonely,1,0.03%,0.030293850348379277
1986sdm,1,0.03%,0.030293850348379277
keaigou3,1,0.03%,0.030293850348379277
觉醒人？沉淀人！,1,0.03%,0.030293850348379277
榭丶,1,0.03%,0.030293850348379277
就是那个主任二零,1,0.03%,0.030293850348379277
Minato友希那,1,0.03%,0.030293850348379277
八点半集会,1,0.03%,0.030293850348379277
murasa123,1,0.03%,0.030293850348379277
Derrola,1,0.03%,0.030293850348379277
矛盾精神,1,0.03%,0.030293850348379277
无达,1,0.03%,0.030293850348379277
古明地小石子,1,0.03%,0.030293850348379277
眞神之子,1,0.03%,0.030293850348379277
Wahrheit_いらない,1,0.03%,0.030293850348379277
Shem_ha,1,0.03%,0.030293850348379277
大宝のmoli,1,0.03%,0.030293850348379277
七等分的高水平麻酱,1,0.03%,0.030293850348379277
吃蜜瓜的樱桃院,1,0.03%,0.030293850348379277
云外飞桥一泪烟,1,0.03%,0.030293850348379277
NGSBA,1,0.03%,0.030293850348379277
美人沙海蔚蓝,1,0.03%,0.030293850348379277
lftex1990,1,0.03%,0.030293850348379277
eirc834,1,0.03%,0.030293850348379277
Schmeichel20,1,0.03%,0.030293850348379277
鬼太郎的宠物,1,0.03%,0.030293850348379277
FacDap,1,0.03%,0.030293850348379277
JillFred,1,0.03%,0.030293850348379277
UID:66838334,1,0.03%,0.030293850348379277
夜ghost,1,0.03%,0.030293850348379277
卖萌的某冬,1,0.03%,0.030293850348379277
Superpilot,1,0.03%,0.030293850348379277
Aero0Z,1,0.03%,0.030293850348379277
3122447541q,1,0.03%,0.030293850348379277
起名字真是好烦,1,0.03%,0.030293850348379277
南河阿叁,1,0.03%,0.030293850348379277
武装精灵,1,0.03%,0.030293850348379277
disnsj,1,0.03%,0.030293850348379277
月满孤城霜,1,0.03%,0.030293850348379277
LuoZara,1,0.03%,0.030293850348379277
祐天寺若麦,1,0.03%,0.030293850348379277
BreadMaster,1,0.03%,0.030293850348379277
a_good_toilet,1,0.03%,0.030293850348379277
圣岛…,1,0.03%,0.030293850348379277
不知道取啥名呢,1,0.03%,0.030293850348379277
蓝海厨师,1,0.03%,0.030293850348379277
Valano,1,0.03%,0.030293850348379277
阿比盖尔m,1,0.03%,0.030293850348379277
BAOBcjc,1,0.03%,0.030293850348379277
Gwool,1,0.03%,0.030293850348379277
wangwenjian5,1,0.03%,0.030293850348379277
ヰ世界情緒は神,1,0.03%,0.030293850348379277
hanakisou00,1,0.03%,0.030293850348379277
GoryKepler,1,0.03%,0.030293850348379277
红叶斜阳,1,0.03%,0.030293850348379277
月海的记忆,1,0.03%,0.030293850348379277
、ff,1,0.03%,0.030293850348379277
瞧尔萨斯动王,1,0.03%,0.030293850348379277
憧憬成为光之美少女,1,0.03%,0.030293850348379277
elm07,1,0.03%,0.030293850348379277
canaan07,1,0.03%,0.030293850348379277
jiong4321,1,0.03%,0.030293850348379277
天气不错可能会下雨,1,0.03%,0.030293850348379277
muesys,1,0.03%,0.030293850348379277
knightgbc,1,0.03%,0.030293850348379277
IRONHALL,1,0.03%,0.030293850348379277
lin0401,1,0.03%,0.030293850348379277
河神敖丁,1,0.03%,0.030293850348379277
奥垃基尔,1,0.03%,0.030293850348379277
whzfjk,1,0.03%,0.030293850348379277
拉基亚库鲁斯,1,0.03%,0.030293850348379277
星尘零儿,1,0.03%,0.030293850348379277
tilocal,1,0.03%,0.030293850348379277
分化和熵,1,0.03%,0.030293850348379277
图书馆的谐振电路,1,0.03%,0.030293850348379277
nbnhhsh,1,0.03%,0.030293850348379277
骑士舜舜,1,0.03%,0.030293850348379277
czzzydt,1,0.03%,0.030293850348379277
Yukinoshitaxc,1,0.03%,0.030293850348379277
初雨凉笙叹233,1,0.03%,0.030293850348379277
tikbnm,1,0.03%,0.030293850348379277
我是达哥J1999,1,0.03%,0.030293850348379277
baraki,1,0.03%,0.030293850348379277
#anony_011b12ad3b184a6accb7155985084966,1,0.03%,0.030293850348379277
不可能的2点0,1,0.03%,0.030293850348379277
Stormerzs,1,0.03%,0.030293850348379277
#anony_8989f4c35db7731ca448de28de5284f6,1,0.03%,0.030293850348379277
西班牙海鲜烩饭,1,0.03%,0.030293850348379277
橙黄色调,1,0.03%,0.030293850348379277
暘墁,1,0.03%,0.030293850348379277
我的态度是异议,1,0.03%,0.030293850348379277
北岛御子,1,0.03%,0.030293850348379277
アンタイオス,1,0.03%,0.030293850348379277
月光留步,1,0.03%,0.030293850348379277
wushan708,1,0.03%,0.030293850348379277
竟然是高达,1,0.03%,0.030293850348379277
弹剑而歌以咏志在千里,1,0.03%,0.030293850348379277
CYANMINT,1,0.03%,0.030293850348379277
物理学圣剑mk2,1,0.03%,0.030293850348379277
AMX015,1,0.03%,0.030293850348379277
toothless1022,1,0.03%,0.030293850348379277
abc823086107,1,0.03%,0.030293850348379277
nnexus,1,0.03%,0.030293850348379277
北山玖公,1,0.03%,0.030293850348379277
たが断る,1,0.03%,0.030293850348379277
TARDISⅡ,1,0.03%,0.030293850348379277
剑崎梨梨花,1,0.03%,0.030293850348379277
achemonde,1,0.03%,0.030293850348379277
铃音00,1,0.03%,0.030293850348379277
喜欢狗的陈叔,1,0.03%,0.030293850348379277
阿波罗不了解宇宙,1,0.03%,0.030293850348379277
wyjg,1,0.03%,0.030293850348379277
splami,1,0.03%,0.030293850348379277
Tony_Wonder,1,0.03%,0.030293850348379277
舞台精靈愚者,1,0.03%,0.030293850348379277
三顺啊喂,1,0.03%,0.030293850348379277
途中の旅人,1,0.03%,0.030293850348379277
木弓不会说话,1,0.03%,0.030293850348379277
空白协奏曲,1,0.03%,0.030293850348379277
スズキ,1,0.03%,0.030293850348379277
llvyangpp,1,0.03%,0.030293850348379277
石头水晶007,1,0.03%,0.030293850348379277
西奈格兰特,1,0.03%,0.030293850348379277
pein0saga,1,0.03%,0.030293850348379277
海藤美咲,1,0.03%,0.030293850348379277
三角高台,1,0.03%,0.030293850348379277
楚河521,1,0.03%,0.030293850348379277
無用zhi人死,1,0.03%,0.030293850348379277
妙手小厨师,1,0.03%,0.030293850348379277
JonnyRiddenRB,1,0.03%,0.030293850348379277
thPatchy,1,0.03%,0.030293850348379277
亚里士缺徳,1,0.03%,0.030293850348379277
曾经的娜塔亚,1,0.03%,0.030293850348379277
黄昏招来体,1,0.03%,0.030293850348379277
言语寸心,1,0.03%,0.030293850348379277
ngpsp3000,1,0.03%,0.030293850348379277
AndyLin0402,1,0.03%,0.030293850348379277
科拉来讯,1,0.03%,0.030293850348379277
灭100063,1,0.03%,0.030293850348379277
凯伊·布拉德,1,0.03%,0.030293850348379277
童年香瓜,1,0.03%,0.030293850348379277
TotoriLL,1,0.03%,0.030293850348379277
艾瑞克明token,1,0.03%,0.030293850348379277
爱如往昔8867,1,0.03%,0.030293850348379277
出渕裕,1,0.03%,0.030293850348379277
墨竹轩轩,1,0.03%,0.030293850348379277
黄昏激鸣重奏乐章,1,0.03%,0.030293850348379277
helloworld3,1,0.03%,0.030293850348379277
035红白,1,0.03%,0.030293850348379277
me1odyLL,1,0.03%,0.030293850348379277
3377rabo,1,0.03%,0.030293850348379277
糖狮子,1,0.03%,0.030293850348379277
A232,1,0.03%,0.030293850348379277
摆烂菊石螺,1,0.03%,0.030293850348379277
GENGFO,1,0.03%,0.030293850348379277
袅袅先森,1,0.03%,0.030293850348379277
回忆闪光灯,1,0.03%,0.030293850348379277
bingoxiong,1,0.03%,0.030293850348379277
k271,1,0.03%,0.030293850348379277
zwya,1,0.03%,0.030293850348379277
ykygz,1,0.03%,0.030293850348379277
智慧的天空,1,0.03%,0.030293850348379277
conprus,1,0.03%,0.030293850348379277
梁染汐音银镜伊织,1,0.03%,0.030293850348379277
残星余晖,1,0.03%,0.030293850348379277
GeforceMX440,1,0.03%,0.030293850348379277
麤子,1,0.03%,0.030293850348379277
hjyc,1,0.03%,0.030293850348379277
和书,1,0.03%,0.030293850348379277
哈尼喵哦,1,0.03%,0.030293850348379277
终末电车,1,0.03%,0.030293850348379277
完全不懂啊,1,0.03%,0.030293850348379277
莫小白不白,1,0.03%,0.030293850348379277
mgsyu,1,0.03%,0.030293850348379277
zzxzz1019,1,0.03%,0.030293850348379277
ウィザード,1,0.03%,0.030293850348379277
小牛战神董琪琪,1,0.03%,0.030293850348379277
qinzhen2640,1,0.03%,0.030293850348379277
Vortexide,1,0.03%,0.030293850348379277
6B8R49K8_0000,1,0.03%,0.030293850348379277
陪赫萝吃苹果,1,0.03%,0.030293850348379277
Starcoin,1,0.03%,0.030293850348379277
mcbaddog,1,0.03%,0.030293850348379277
ben君,1,0.03%,0.030293850348379277
小小小黎,1,0.03%,0.030293850348379277
y18813120652,1,0.03%,0.030293850348379277
十六夜DIO夜,1,0.03%,0.030293850348379277
匿名用户555,1,0.03%,0.030293850348379277
woaitiwenti,1,0.03%,0.030293850348379277
SAMSONSHALT,1,0.03%,0.030293850348379277
冥月妖瞳,1,0.03%,0.030293850348379277
leah1,1,0.03%,0.030293850348379277
快斗真帆,1,0.03%,0.030293850348379277
悠远的地平线,1,0.03%,0.030293850348379277
玛丝洛娃,1,0.03%,0.030293850348379277
甲醛弹,1,0.03%,0.030293850348379277
flyingover,1,0.03%,0.030293850348379277
shinnippor,1,0.03%,0.030293850348379277
皮卡丘跑快快,1,0.03%,0.030293850348379277
pcadp21,1,0.03%,0.030293850348379277
暖喛嗳暧,1,0.03%,0.030293850348379277
jc914,1,0.03%,0.030293850348379277
zeruel0216,1,0.03%,0.030293850348379277
Re_Plumbum,1,0.03%,0.030293850348379277
清茶很苦,1,0.03%,0.030293850348379277
sevenhow,1,0.03%,0.030293850348379277
79lb,1,0.03%,0.030293850348379277
SyobonHex,1,0.03%,0.030293850348379277
正义君177,1,0.03%,0.030293850348379277
Sktotoro,1,0.03%,0.030293850348379277
苍蓝星不是好厨子,1,0.03%,0.030293850348379277
霞雨林R,1,0.03%,0.030293850348379277
qwery233,1,0.03%,0.030293850348379277
Lsqxs,1,0.03%,0.030293850348379277
乌鸦☆写字台,1,0.03%,0.030293850348379277
玻璃铃兰,1,0.03%,0.030293850348379277
水果与咖啡,1,0.03%,0.030293850348379277
啊啊啊啊用户名已存在,1,0.03%,0.030293850348379277
ROROCHAN,1,0.03%,0.030293850348379277
egoistcj,1,0.03%,0.030293850348379277
欸诶,1,0.03%,0.030293850348379277
地心游记，地心游人,1,0.03%,0.030293850348379277
魔窟李维斯,1,0.03%,0.030293850348379277
keppi二号机,1,0.03%,0.030293850348379277
法伦施泰尔,1,0.03%,0.030293850348379277
皇叔看黄书,1,0.03%,0.030293850348379277
吃辣子,1,0.03%,0.030293850348379277
MeikoQXQ,1,0.03%,0.030293850348379277
铃兰咘,1,0.03%,0.030293850348379277
mouyuajz,1,0.03%,0.030293850348379277
茯神木o,1,0.03%,0.030293850348379277
Archer祁,1,0.03%,0.030293850348379277
闲云观雨,1,0.03%,0.030293850348379277
yiminashi,1,0.03%,0.030293850348379277
Stroll！St,1,0.03%,0.030293850348379277
qinjianshu,1,0.03%,0.030293850348379277
先生49,1,0.03%,0.030293850348379277
lin—gery,1,0.03%,0.030293850348379277
心刀斩心鬼,1,0.03%,0.030293850348379277
红色王庭,1,0.03%,0.030293850348379277
tqov323,1,0.03%,0.030293850348379277
Deemo_s,1,0.03%,0.030293850348379277
澪上寒见月,1,0.03%,0.030293850348379277
zzx3bb,1,0.03%,0.030293850348379277
矩阵深宫,1,0.03%,0.030293850348379277
空焱君,1,0.03%,0.030293850348379277
cyberkos,1,0.03%,0.030293850348379277
ljh亚,1,0.03%,0.030293850348379277
●市谷香澄,1,0.03%,0.030293850348379277
隐隐约约不见人,1,0.03%,0.030293850348379277
sB250tencent,1,0.03%,0.030293850348379277
66Leo666,1,0.03%,0.030293850348379277
庚丙辰,1,0.03%,0.030293850348379277
亚昼美玖,1,0.03%,0.030293850348379277
dizzyowo,1,0.03%,0.030293850348379277
ID摸了,1,0.03%,0.030293850348379277
LilyKight,1,0.03%,0.030293850348379277
呆贼、、,1,0.03%,0.030293850348379277
uyuni_saline,1,0.03%,0.030293850348379277
afengaf,1,0.03%,0.030293850348379277
#anony_77f62e8bb12246afc13ea71307571444,1,0.03%,0.030293850348379277
汉堡多酱不加生菜,1,0.03%,0.030293850348379277
a罗淇鹏,1,0.03%,0.030293850348379277
udknight0005,1,0.03%,0.030293850348379277
Multihood,1,0.03%,0.030293850348379277
ForsWall,1,0.03%,0.030293850348379277
央土上元,1,0.03%,0.030293850348379277
hzcjian,1,0.03%,0.030293850348379277
dicat,1,0.03%,0.030293850348379277
Mkunnnnn,1,0.03%,0.030293850348379277
别人说我笨,1,0.03%,0.030293850348379277
aloereed,1,0.03%,0.030293850348379277
农村破落户,1,0.03%,0.030293850348379277
艾尔伯特爱因斯坦,1,0.03%,0.030293850348379277
2000年的巴蒂斯图塔,1,0.03%,0.030293850348379277
黑心芭樂,1,0.03%,0.030293850348379277
我们觉得这非常cool,1,0.03%,0.030293850348379277
嗯嗯确实不多谈,1,0.03%,0.030293850348379277
乔贞案卷-破浪,1,0.03%,0.030293850348379277
怀表孤鸣,1,0.03%,0.030293850348379277
Karmyming,1,0.03%,0.030293850348379277
博丽灵梦,1,0.03%,0.030293850348379277
明天会吃饱,1,0.03%,0.030293850348379277
cgx9594,1,0.03%,0.030293850348379277
impact4,1,0.03%,0.030293850348379277
q79299750,1,0.03%,0.030293850348379277
咕嗒咕嗒狛绝势力,1,0.03%,0.030293850348379277
JCJVHNVJH,1,0.03%,0.030293850348379277
prebeyonderyu,1,0.03%,0.030293850348379277
名字5664,1,0.03%,0.030293850348379277
发霉的罐头,1,0.03%,0.030293850348379277
藤田琴音,1,0.03%,0.030293850348379277
半生酆都,1,0.03%,0.030293850348379277
食物链顶端的周白,1,0.03%,0.030293850348379277
amosi2,1,0.03%,0.030293850348379277
lolizg,1,0.03%,0.030293850348379277
Laplacian牛顿,1,0.03%,0.030293850348379277
巅峰武帝龙傲天,1,0.03%,0.030293850348379277
我就是超威蓝胖,1,0.03%,0.030293850348379277
qaz911420,1,0.03%,0.030293850348379277
月雾泉,1,0.03%,0.030293850348379277
RExiaAsuka,1,0.03%,0.030293850348379277
戴上虚伪的假面,1,0.03%,0.030293850348379277
绯夜氏,1,0.03%,0.030293850348379277
ganjialunss,1,0.03%,0.030293850348379277
您是我的安息香吗,1,0.03%,0.030293850348379277
爱仕达sk,1,0.03%,0.030293850348379277
高德瑞克,1,0.03%,0.030293850348379277
IF YOU。。,1,0.03%,0.030293850348379277
进你魔米,1,0.03%,0.030293850348379277
wwwwway,1,0.03%,0.030293850348379277
木崎江利花,1,0.03%,0.030293850348379277
云无月暗无天,1,0.03%,0.030293850348379277
雨-沢,1,0.03%,0.030293850348379277
妙脆飞脚,1,0.03%,0.030293850348379277
shin_Eclair,1,0.03%,0.030293850348379277
cab226,1,0.03%,0.030293850348379277
ssyBB,1,0.03%,0.030293850348379277
无数黑夜,1,0.03%,0.030293850348379277
Calet,1,0.03%,0.030293850348379277
亲密无间大乱揍,1,0.03%,0.030293850348379277
有时有爱,1,0.03%,0.030293850348379277
巴萨卡,1,0.03%,0.030293850348379277
这是初步的问题,1,0.03%,0.030293850348379277
消灭来犯之鱼,1,0.03%,0.030293850348379277
949A奥斯卡,1,0.03%,0.030293850348379277
molsama,1,0.03%,0.030293850348379277
千酒参,1,0.03%,0.030293850348379277
#anony_152f678b69777239c29ae69605c572e6,1,0.03%,0.030293850348379277
苍玖,1,0.03%,0.030293850348379277
kshz2187561,1,0.03%,0.030293850348379277
maruishi114,1,0.03%,0.030293850348379277
qfvdgj,1,0.03%,0.030293850348379277
七流月火,1,0.03%,0.030293850348379277
狗·德川家康·薛定谔,1,0.03%,0.030293850348379277
昂首挺胸的信念,1,0.03%,0.030293850348379277
Hokagop,1,0.03%,0.030293850348379277
晨伦沼,1,0.03%,0.030293850348379277
名探罗克,1,0.03%,0.030293850348379277
daisino,1,0.03%,0.030293850348379277
银色的冷面,1,0.03%,0.030293850348379277
白羽蘇,1,0.03%,0.030293850348379277
CareeFD,1,0.03%,0.030293850348379277
梦魇苍娜,1,0.03%,0.030293850348379277
1157ww,1,0.03%,0.030293850348379277
ねこねこね,1,0.03%,0.030293850348379277
apexinventor,1,0.03%,0.030293850348379277
wolflone,1,0.03%,0.030293850348379277
疯狂的姬厨,1,0.03%,0.030293850348379277
turuiren,1,0.03%,0.030293850348379277
一般路过用户,1,0.03%,0.030293850348379277
不扭麻花,1,0.03%,0.030293850348379277
人生太过儿戏,1,0.03%,0.030293850348379277
千年女王斯卡哈,1,0.03%,0.030293850348379277
萌化蕃茄,1,0.03%,0.030293850348379277
徒然ulysses,1,0.03%,0.030293850348379277
chd1144,1,0.03%,0.030293850348379277
南方要塞,1,0.03%,0.030293850348379277
小Z爱纳尔逊,1,0.03%,0.030293850348379277
#anony_3e9fec2cf55c3f13501dab4970f7fe31,1,0.03%,0.030293850348379277
邻居家的陌生人,1,0.03%,0.030293850348379277
Rosmontis2,1,0.03%,0.030293850348379277
恋叶梦境,1,0.03%,0.030293850348379277
Vomiga1024,1,0.03%,0.030293850348379277
SCP5000,1,0.03%,0.030293850348379277
李卫君offical,1,0.03%,0.030293850348379277
彻夜丿未眠,1,0.03%,0.030293850348379277
裘德和米拉,1,0.03%,0.030293850348379277
gengestu,1,0.03%,0.030293850348379277
高速下载,1,0.03%,0.030293850348379277
akkaaka,1,0.03%,0.030293850348379277
小踢,1,0.03%,0.030293850348379277
七四七四七,1,0.03%,0.030293850348379277
L5龙宫礼奈,1,0.03%,0.030293850348379277
kinidark,1,0.03%,0.030293850348379277
博薇Winston,1,0.03%,0.030293850348379277
平贺电算二式试行机,1,0.03%,0.030293850348379277
气刃迭代,1,0.03%,0.030293850348379277
不跟煞比置气,1,0.03%,0.030293850348379277
南无三南无三,1,0.03%,0.030293850348379277
画堂书页,1,0.03%,0.030293850348379277
satorimk1,1,0.03%,0.030293850348379277
仙德法歌orz,1,0.03%,0.030293850348379277
两脸懵逼的萌新,1,0.03%,0.030293850348379277
rosental,1,0.03%,0.030293850348379277
74Godfather,1,0.03%,0.030293850348379277
zzkyx,1,0.03%,0.030293850348379277
AUCGT,1,0.03%,0.030293850348379277
吃糖的亚伯神父,1,0.03%,0.030293850348379277
耶耶子天下第一,1,0.03%,0.030293850348379277
⑨⑨⑨⑨⑨⑨⑨⑨⑨⑨⑨,1,0.03%,0.030293850348379277
动态清零必失败,1,0.03%,0.030293850348379277
惫懒的某鱼,1,0.03%,0.030293850348379277
淮云道,1,0.03%,0.030293850348379277
#anony_d0b1025cb81629f9f4695dd4dbc28eb9,1,0.03%,0.030293850348379277
蛋黄酱火腿吞拿,1,0.03%,0.030293850348379277
阿夏忘了账号,1,0.03%,0.030293850348379277
观夏sv,1,0.03%,0.030293850348379277
忍武者,1,0.03%,0.030293850348379277
南门荣,1,0.03%,0.030293850348379277
发散的星之花,1,0.03%,0.030293850348379277
我最爱吃米饭,1,0.03%,0.030293850348379277
时空MADAO,1,0.03%,0.030293850348379277
楠船信笺,1,0.03%,0.030293850348379277
ser无法123,1,0.03%,0.030293850348379277
harunafaye,1,0.03%,0.030293850348379277
amiQAQ,1,0.03%,0.030293850348379277
jdd4682000,1,0.03%,0.030293850348379277
天灵盖卡马路牙子上,1,0.03%,0.030293850348379277
lereda,1,0.03%,0.030293850348379277
sbnga_saki,1,0.03%,0.030293850348379277
CLANNAD_古河渚,1,0.03%,0.030293850348379277
青泽SAMA,1,0.03%,0.030293850348379277
SoyorinLove,1,0.03%,0.030293850348379277
Yo游歌,1,0.03%,0.030293850348379277
间桐丽多_FATE,1,0.03%,0.030293850348379277
傍晚襲來的羅曼蒂克,1,0.03%,0.030293850348379277
米加粒子炮,1,0.03%,0.030293850348379277
暗黑邪拳王风雷,1,0.03%,0.030293850348379277
南桑、、,1,0.03%,0.030293850348379277
永恒的王牌,1,0.03%,0.030293850348379277
Urneyra,1,0.03%,0.030293850348379277
隔离多肉,1,0.03%,0.030293850348379277
zzjkkkk,1,0.03%,0.030293850348379277
wg10069134,1,0.03%,0.030293850348379277
wingzero1208,1,0.03%,0.030293850348379277
bjqdsybrs,1,0.03%,0.030293850348379277
lionbreaker,1,0.03%,0.030293850348379277
zzhzzh7,1,0.03%,0.030293850348379277
brokenruler,1,0.03%,0.030293850348379277
sdhjd,1,0.03%,0.030293850348379277
AKTUO,1,0.03%,0.030293850348379277
十九月亮八分缘,1,0.03%,0.030293850348379277
kingchali,1,0.03%,0.030293850348379277
YouDuckBoom,1,0.03%,0.030293850348379277
奶油培根,1,0.03%,0.030293850348379277
鱼缸里的巴劳鱵,1,0.03%,0.030293850348379277
幻想家堂吉诃德,1,0.03%,0.030293850348379277
makiLOVEnico,1,0.03%,0.030293850348379277
半夏chd,1,0.03%,0.030293850348379277
煌煌其烨,1,0.03%,0.030293850348379277
君轩sama,1,0.03%,0.030293850348379277
tbupxom,1,0.03%,0.030293850348379277
Moppa12,1,0.03%,0.030293850348379277
软毛大栗子,1,0.03%,0.030293850348379277
皇家烈焰,1,0.03%,0.030293850348379277
DaScan,1,0.03%,0.030293850348379277
阿蒂拉酱,1,0.03%,0.030293850348379277
涂山枣枣,1,0.03%,0.030293850348379277
wanghaispp,1,0.03%,0.030293850348379277
比那名居花花,1,0.03%,0.030293850348379277
Estme,1,0.03%,0.030293850348379277
多莉DOLLY,1,0.03%,0.030293850348379277
sdajwid,1,0.03%,0.030293850348379277
幻梦流霜,1,0.03%,0.030293850348379277
王决绝,1,0.03%,0.030293850348379277
yddjhjh,1,0.03%,0.030293850348379277
Maymyself,1,0.03%,0.030293850348379277
ww2100357,1,0.03%,0.030293850348379277
无欲测试,1,0.03%,0.030293850348379277
wjdxzhwx,1,0.03%,0.030293850348379277
#anony_9fa7a27c96efe7122db28f2eb46e0593,1,0.03%,0.030293850348379277
超我s,1,0.03%,0.030293850348379277
Keith-Shadis,1,0.03%,0.030293850348379277
千若雨方,1,0.03%,0.030293850348379277
AngTEe,1,0.03%,0.030293850348379277
ASYUJI,1,0.03%,0.030293850348379277
赛博画师,1,0.03%,0.030293850348379277
无耻青空,1,0.03%,0.030293850348379277
GamaFuture,1,0.03%,0.030293850348379277
批纳特飞马,1,0.03%,0.030293850348379277
与荆,1,0.03%,0.030293850348379277
コハクコハク,1,0.03%,0.030293850348379277
Мой любимый,1,0.03%,0.030293850348379277
打祖玛的青蛙,1,0.03%,0.030293850348379277
蕉太狼1234,1,0.03%,0.030293850348379277
山海天地之间,1,0.03%,0.030293850348379277
ONEnana,1,0.03%,0.030293850348379277
Sin2501,1,0.03%,0.030293850348379277
千世的不凋花,1,0.03%,0.030293850348379277
Asuku02,1,0.03%,0.030293850348379277
desireplxxse,1,0.03%,0.030293850348379277
达斯加加,1,0.03%,0.030293850348379277
怒火之魂,1,0.03%,0.030293850348379277
zyrzerotwo02,1,0.03%,0.030293850348379277
王剑锋11,1,0.03%,0.030293850348379277
相川陽滝,1,0.03%,0.030293850348379277
染血的学园,1,0.03%,0.030293850348379277
阳光下的亚妮艾丝,1,0.03%,0.030293850348379277
daqi1609283850,1,0.03%,0.030293850348379277
GrafZeppelin,1,0.03%,0.030293850348379277
猛犸不下班,1,0.03%,0.030293850348379277
二号线复古风,1,0.03%,0.030293850348379277
仙境独角兽,1,0.03%,0.030293850348379277
黑土-四代目土影,1,0.03%,0.030293850348379277
Arajin,1,0.03%,0.030293850348379277
阿莱娅,1,0.03%,0.030293850348379277
llao484,1,0.03%,0.030293850348379277
jhr234567,1,0.03%,0.030293850348379277
th123123,1,0.03%,0.030293850348379277
GoneMyHead,1,0.03%,0.030293850348379277
狡诈面具,1,0.03%,0.030293850348379277
SwiftShadow,1,0.03%,0.030293850348379277
初夏幻想见灵梦,1,0.03%,0.030293850348379277
doloha,1,0.03%,0.030293850348379277
乙贰新月,1,0.03%,0.030293850348379277
逃离异闻带,1,0.03%,0.030293850348379277
Krkree,1,0.03%,0.030293850348379277
juicetea,1,0.03%,0.030293850348379277
夜愿天空,1,0.03%,0.030293850348379277
weavent,1,0.03%,0.030293850348379277
同田贯葛队,1,0.03%,0.030293850348379277
hyju135,1,0.03%,0.030293850348379277
填癣贩子,1,0.03%,0.030293850348379277
lhy88994554,1,0.03%,0.030293850348379277
八角dree,1,0.03%,0.030293850348379277
杂鱼型蘑菇,1,0.03%,0.030293850348379277
轩师爷,1,0.03%,0.030293850348379277
virtule,1,0.03%,0.030293850348379277
王哈爷爷我的真爱,1,0.03%,0.030293850348379277
0Andl0,1,0.03%,0.030293850348379277
黑风寨声音很大,1,0.03%,0.030293850348379277
寒霜落雪。。,1,0.03%,0.030293850348379277
群青的盛宴,1,0.03%,0.030293850348379277
TKTK酱,1,0.03%,0.030293850348379277
PlgeonK,1,0.03%,0.030293850348379277
wayne19980,1,0.03%,0.030293850348379277
在下煤气,1,0.03%,0.030293850348379277
四光年之外去流浪,1,0.03%,0.030293850348379277
迷茫的独行者,1,0.03%,0.030293850348379277
只会嫖的萌新,1,0.03%,0.030293850348379277
猖狂逃命,1,0.03%,0.030293850348379277
佳白,1,0.03%,0.030293850348379277
mxy100449,1,0.03%,0.030293850348379277
水平甲板,1,0.03%,0.030293850348379277
梅念笙1,1,0.03%,0.030293850348379277
努力，未来与希望,1,0.03%,0.030293850348379277
yincircle,1,0.03%,0.030293850348379277
scenion,1,0.03%,0.030293850348379277
AbstractNonsense,1,0.03%,0.030293850348379277
暴躁的小墨鱼,1,0.03%,0.030293850348379277
杀日,1,0.03%,0.030293850348379277
sukabulieto,1,0.03%,0.030293850348379277
蛋挞、、,1,0.03%,0.030293850348379277
darkmen0,1,0.03%,0.030293850348379277
陌路冥花葬,1,0.03%,0.030293850348379277
#anony_3f9833dae86463649ec102a8df30c805,1,0.03%,0.030293850348379277
d825372517,1,0.03%,0.030293850348379277
海南島企鵝,1,0.03%,0.030293850348379277
下雨不哟,1,0.03%,0.030293850348379277
HGVSD,1,0.03%,0.030293850348379277
晚指导,1,0.03%,0.030293850348379277
z497353220,1,0.03%,0.030293850348379277
秋风戚戚草木稀,1,0.03%,0.030293850348379277
双车废轮,1,0.03%,0.030293850348379277
棠涟,1,0.03%,0.030293850348379277
是桌子下的人,1,0.03%,0.030293850348379277
wwwrrrryyyyy,1,0.03%,0.030293850348379277
咸鱼19991029,1,0.03%,0.030293850348379277
啦啦啦爸爸BANG,1,0.03%,0.030293850348379277
遺忘與被遺忘者,1,0.03%,0.030293850348379277
潜璂,1,0.03%,0.030293850348379277
憨批群友,1,0.03%,0.030293850348379277
科尔级战列舰,1,0.03%,0.030293850348379277
真英雄以眼点烟,1,0.03%,0.030293850348379277
kotori__,1,0.03%,0.030293850348379277
love19871210,1,0.03%,0.030293850348379277
G0kouRuri,1,0.03%,0.030293850348379277
时田宇号,1,0.03%,0.030293850348379277
Rena青杨,1,0.03%,0.030293850348379277
孟余舟,1,0.03%,0.030293850348379277
金大锤,1,0.03%,0.030293850348379277
老实敦厚不早退的E,1,0.03%,0.030293850348379277
creesion,1,0.03%,0.030293850348379277
罗德兰密探,1,0.03%,0.030293850348379277
碧依,1,0.03%,0.030293850348379277
outmetal,1,0.03%,0.030293850348379277
ur15975,1,0.03%,0.030293850348379277
#anony_4037781ed2664d133b9e716954e9f40d,1,0.03%,0.030293850348379277
Y-103,1,0.03%,0.030293850348379277
夢見ていよう,1,0.03%,0.030293850348379277
黎凡特火电站,1,0.03%,0.030293850348379277
chris.j,1,0.03%,0.030293850348379277
mizuchi_t,1,0.03%,0.030293850348379277
咬一口阿黎,1,0.03%,0.030293850348379277
cadian412,1,0.03%,0.030293850348379277
LilyDark,1,0.03%,0.030293850348379277
Authrost,1,0.03%,0.030293850348379277
yfdeng2060,1,0.03%,0.030293850348379277
黑艾的兔子,1,0.03%,0.030293850348379277
HazukiShiorin,1,0.03%,0.030293850348379277
∑深海死鱼,1,0.03%,0.030293850348379277
DAYH1994,1,0.03%,0.030293850348379277
refepac,1,0.03%,0.030293850348379277
破晓之人的绝唱,1,0.03%,0.030293850348379277
清月逐星,1,0.03%,0.030293850348379277
f59375443,1,0.03%,0.030293850348379277
小凯KUI,1,0.03%,0.030293850348379277
Tophyros,1,0.03%,0.030293850348379277
Dream冰恆,1,0.03%,0.030293850348379277
zhidao_bu,1,0.03%,0.030293850348379277
老猫打滚,1,0.03%,0.030293850348379277
里谢娜的汪酱,1,0.03%,0.030293850348379277
chaweimao,1,0.03%,0.030293850348379277
Mrzsbtds,1,0.03%,0.030293850348379277
我华佗贼溜,1,0.03%,0.030293850348379277
天堂制造-,1,0.03%,0.030293850348379277
满级史莱姆,1,0.03%,0.030293850348379277
卷土重来003,1,0.03%,0.030293850348379277
喵了个咪的_,1,0.03%,0.030293850348379277
zeafantasy,1,0.03%,0.030293850348379277
NT蜻蜓隊長,1,0.03%,0.030293850348379277
elegantbe,1,0.03%,0.030293850348379277
风灵玉fly,1,0.03%,0.030293850348379277
alanlee7,1,0.03%,0.030293850348379277
AAG是不是,1,0.03%,0.030293850348379277
浮木无華,1,0.03%,0.030293850348379277
heiruxia,1,0.03%,0.030293850348379277
玉锄头,1,0.03%,0.030293850348379277
yyyyyyydaoge,1,0.03%,0.030293850348379277
心累心累心累,1,0.03%,0.030293850348379277
加藤惠_,1,0.03%,0.030293850348379277
德莱茨5566,1,0.03%,0.030293850348379277
自闭谢拉,1,0.03%,0.030293850348379277
赤穗,1,0.03%,0.030293850348379277
珂珂-S,1,0.03%,0.030293850348379277
xwx1,1,0.03%,0.030293850348379277
Rubic0n,1,0.03%,0.030293850348379277
ClownFC,1,0.03%,0.030293850348379277
水墨老虎,1,0.03%,0.030293850348379277
深圳有人射怪关我鸟事,1,0.03%,0.030293850348379277
anlancer2,1,0.03%,0.030293850348379277
rxzycds,1,0.03%,0.030293850348379277
Ashessssss,1,0.03%,0.030293850348379277
派大星醒醒,1,0.03%,0.030293850348379277
昽凛,1,0.03%,0.030293850348379277
老老实实的鳄鱼,1,0.03%,0.030293850348379277
马猴烧酒夜空,1,0.03%,0.030293850348379277
huxiao920517,1,0.03%,0.030293850348379277
里疾风走路,1,0.03%,0.030293850348379277
legendlancer,1,0.03%,0.030293850348379277
啪砰啪砰啪,1,0.03%,0.030293850348379277
逆影星辰,1,0.03%,0.030293850348379277
江鱼君,1,0.03%,0.030293850348379277
zeroex1,1,0.03%,0.030293850348379277
基小纱,1,0.03%,0.030293850348379277
凝铩丶,1,0.03%,0.030293850348379277
朔海鸣音,1,0.03%,0.030293850348379277
#anony_4d21fd5f082a77529d184d35ab21f363,1,0.03%,0.030293850348379277
美丽周日,1,0.03%,0.030293850348379277
咸鱼34337435,1,0.03%,0.030293850348379277
你真的很啰嗦,1,0.03%,0.030293850348379277
台风之子哈尔西,1,0.03%,0.030293850348379277
鲁斯之矛,1,0.03%,0.030293850348379277
HFKO,1,0.03%,0.030293850348379277
卡萝卡,1,0.03%,0.030293850348379277
xjy2002,1,0.03%,0.030293850348379277
hentai_mu,1,0.03%,0.030293850348379277
英翻—深爱概念车,1,0.03%,0.030293850348379277
夜幕幻语二号机,1,0.03%,0.030293850348379277
Inferoid,1,0.03%,0.030293850348379277
ROX-F,1,0.03%,0.030293850348379277
刚き绀蓝,1,0.03%,0.030293850348379277
九音白骨爪,1,0.03%,0.030293850348379277
江户川蒸蛋,1,0.03%,0.030293850348379277
初吻献给筷子,1,0.03%,0.030293850348379277
Grassnet,1,0.03%,0.030293850348379277
ff760725,1,0.03%,0.030293850348379277
1b1ue,1,0.03%,0.030293850348379277
綠墻,1,0.03%,0.030293850348379277
矛头小子,1,0.03%,0.030293850348379277
Feng_G,1,0.03%,0.030293850348379277
Fallenleaf_落叶,1,0.03%,0.030293850348379277
鲁三咲,1,0.03%,0.030293850348379277
unxplier,1,0.03%,0.030293850348379277
奇怪的手电筒,1,0.03%,0.030293850348379277
wuwuwuwuwuwuwu,1,0.03%,0.030293850348379277
优明叶,1,0.03%,0.030293850348379277
帕狄菲腊,1,0.03%,0.030293850348379277
Arman_Sheldon,1,0.03%,0.030293850348379277
有冇搞錯,1,0.03%,0.030293850348379277
友朋小吃爱,1,0.03%,0.030293850348379277
奥托·爱德华·利奥波德,1,0.03%,0.030293850348379277
莫邪hauv,1,0.03%,0.030293850348379277
hollypeter,1,0.03%,0.030293850348379277
长门有希修士,1,0.03%,0.030293850348379277
星空灵核,1,0.03%,0.030293850348379277
KyoIskandar,1,0.03%,0.030293850348379277
mah123556,1,0.03%,0.030293850348379277
Daiminji,1,0.03%,0.030293850348379277
#anony_d549961e956744976e76463e0fae7ac6,1,0.03%,0.030293850348379277
天空的灯塔,1,0.03%,0.030293850348379277
SU零雨,1,0.03%,0.030293850348379277
#anony_bd692b5da0debc6a8d2f913ee2970843,1,0.03%,0.030293850348379277
q1104769304,1,0.03%,0.030293850348379277
HafuHafuHafu,1,0.03%,0.030293850348379277
druMidEA,1,0.03%,0.030293850348379277
TeKeLil,1,0.03%,0.030293850348379277
闲知闲能,1,0.03%,0.030293850348379277
yunqingge,1,0.03%,0.030293850348379277
塔斯马尼亚虎狙击手,1,0.03%,0.030293850348379277
lushiro,1,0.03%,0.030293850348379277
DoGoods,1,0.03%,0.030293850348379277
奥托·阿波斯卡纳,1,0.03%,0.030293850348379277
龙骧乐臣,1,0.03%,0.030293850348379277
古影涵,1,0.03%,0.030293850348379277
高达八成,1,0.03%,0.030293850348379277
我是超级大哈皮,1,0.03%,0.030293850348379277
hoodoo8210,1,0.03%,0.030293850348379277
南淮旧,1,0.03%,0.030293850348379277
NeoSuperExpress,1,0.03%,0.030293850348379277
Onelooker,1,0.03%,0.030293850348379277
クモですが,1,0.03%,0.030293850348379277
罗兰·血月,1,0.03%,0.030293850348379277
竹取笙,1,0.03%,0.030293850348379277
52think,1,0.03%,0.030293850348379277
MarcusGarius,1,0.03%,0.030293850348379277
又缩壳了吗,1,0.03%,0.030293850348379277
一坨懒癌细胞,1,0.03%,0.030293850348379277
林大校,1,0.03%,0.030293850348379277
珊瑚くみれい,1,0.03%,0.030293850348379277
Алк,1,0.03%,0.030293850348379277
qsscwddv1,1,0.03%,0.030293850348379277
养女,1,0.03%,0.030293850348379277
罗莉控の正太,1,0.03%,0.030293850348379277
OS咕哒子二代目,1,0.03%,0.030293850348379277
流明liuming,1,0.03%,0.030293850348379277
条顿医生的圣殿,1,0.03%,0.030293850348379277
a1q1z1s2,1,0.03%,0.030293850348379277
心空36754,1,0.03%,0.030293850348379277
nagatolz,1,0.03%,0.030293850348379277
Nietzs,1,0.03%,0.030293850348379277
未来人不丢人,1,0.03%,0.030293850348379277
巡洋舰蓝,1,0.03%,0.030293850348379277
牛奶晓晓,1,0.03%,0.030293850348379277
双生鹤,1,0.03%,0.030293850348379277
布莱德柯恩,1,0.03%,0.030293850348379277
鸭鸭米,1,0.03%,0.030293850348379277
Jimmyjoker,1,0.03%,0.030293850348379277
Cusuy,1,0.03%,0.030293850348379277
传教用小号,1,0.03%,0.030293850348379277
haizhi444,1,0.03%,0.030293850348379277
取个好名字真的难,1,0.03%,0.030293850348379277
YY子,1,0.03%,0.030293850348379277
文甄心,1,0.03%,0.030293850348379277
小猪不会上树,1,0.03%,0.030293850348379277
稀神的羽根,1,0.03%,0.030293850348379277
阿奥鲁恩,1,0.03%,0.030293850348379277
是也君_,1,0.03%,0.030293850348379277
デウスエクスマキナ,1,0.03%,0.030293850348379277
S-托卢,1,0.03%,0.030293850348379277
白河响剑,1,0.03%,0.030293850348379277
finaltocatta1,1,0.03%,0.030293850348379277
虚空怪兽格力扎,1,0.03%,0.030293850348379277
zetal11,1,0.03%,0.030293850348379277
超理,1,0.03%,0.030293850348379277
zhao5196,1,0.03%,0.030293850348379277
非実在老人,1,0.03%,0.030293850348379277
Ju1ykaze,1,0.03%,0.030293850348379277
Atonioy,1,0.03%,0.030293850348379277
开始想办法了啊,1,0.03%,0.030293850348379277
Yoritayoshino,1,0.03%,0.030293850348379277
普通学生。,1,0.03%,0.030293850348379277
说完了吗我开转了,1,0.03%,0.030293850348379277
3079000desu,1,0.03%,0.030293850348379277
狛教,1,0.03%,0.030293850348379277
正义归来音箱蟀,1,0.03%,0.030293850348379277
搓火的家雀,1,0.03%,0.030293850348379277
古德里,1,0.03%,0.030293850348379277
收购大麦子,1,0.03%,0.030293850348379277
今日方知我是我的本我,1,0.03%,0.030293850348379277
柳叶村庄,1,0.03%,0.030293850348379277
不说话的秦先生,1,0.03%,0.030293850348379277
故事与酒诗和远方,1,0.03%,0.030293850348379277
